tipo_cliente,periodo_dia,total_gasto,media_avaliacao
Member,Manhã,48416.781,7.023239436619718
Member,Noite,72603.7305,7.1454545454545455
Member,Tarde,38371.9455,6.871666666666667
Normal,Manhã,44066.2635,7.009848484848485
Normal,Noite,80645.1765,6.893004115226337
Normal,Tarde,43516.1265,6.665034965034965
