cidade,filial,faturamento_total,ticket_medio,qtd_transacoes
Mandalay,A,40800.501,326.404008,125
Mandalay,B,33974.367,314.5774722222222,108
Mandalay,C,35090.6535,319.0059409090909,110
Naypyitaw,A,35407.722,337.2164,105
Naypyitaw,B,37017.351,345.9565514018692,107
Naypyitaw,C,38073.703499999996,307.04599596774193,124
Yangon,A,36487.7205,337.8492638888889,108
Yangon,B,35379.792,333.77162264150945,106
Yangon,C,35388.213,330.73096261682247,107
